Timestamp,Session_ID,Group_ID,Winning_Door,Initial_Door,Alt_Door,Final_Door,Is_Switched,Is_Win,Reading_Time_MS
27.08.2026 23:02:28,c1ac564c-c385-4ad0-80eb-c87820b5e280,Group_A,3,1,3,3,1,1,2241
27.08.2026 23:08:10,2f4ecebf-ff67-4352-a8d2-aa5c7d651b97,Group_A,6,5,6,5,0,0,2341
27.08.2026 23:08:37,03ef1921-6410-4f1d-8317-c80a75cef6d5,Group_B,3,2,3,3,1,1,8624
28.08.2026 0:33:14,f9bff59e-f870-4b17-9dde-36ac77c6bac1,Group_D,3,2,3,3,1,1,10734
28.08.2026 0:36:30,9e68f36e-4caa-45f6-a730-5b6b46868247,Group_B,6,3,6,6,1,1,1164
28.08.2026 0:36:31,8d02a7e1-e07c-41d3-8901-4f1d449935c6,Group_B,2,2,7,7,1,0,946
28.08.2026 0:36:35,001d63a1-684e-4fcc-956d-5bca2728580d,Group_D,4,3,4,4,1,1,1631
28.08.2026 0:36:35,3fc6be76-92a2-4245-83bd-0558b08466ee,Group_A,3,1,3,3,1,1,3708
28.08.2026 0:36:42,983d752b-9815-4c15-8774-3842ac0b3bdd,Group_A,5,4,5,5,1,1,4857
28.08.2026 0:36:43,669a328a-5334-4413-84a3-6a5999608308,Group_A,5,7,5,5,1,1,3368
28.08.2026 0:36:43,dcc69690-fa11-49f1-9ec9-67b408750569,Group_B,5,10,5,5,1,1,2460
28.08.2026 0:36:43,f4ea988e-ec2d-4c8d-9ad4-01e2132eb7e6,Group_A,6,7,6,6,1,1,6609
28.08.2026 0:36:44,9d30383c-30c1-480b-b1c6-74a708971977,Group_D,10,9,10,10,1,1,3602
28.08.2026 0:36:48,458f4577-b98f-4a27-bb1a-58ef4ef37c8a,Group_B,8,4,8,4,0,0,15390
28.08.2026 0:36:48,0fa6b67b-ed60-4a42-812f-71667ef80ad9,Group_D,9,5,9,9,1,1,2928
28.08.2026 0:36:49,09e3bf47-f703-4e0a-9861-25ff8421865b,Group_D,7,7,5,5,1,0,11097
28.08.2026 0:36:50,548c9082-c8a5-4da7-88ec-72ccb3528355,Group_B,2,3,2,3,0,0,5379
28.08.2026 0:36:53,b7aab4e9-b95d-455e-9e8f-8e5929c2b6f7,Group_A,10,2,10,10,1,1,6527
28.08.2026 0:36:53,4bb315c9-2e4a-4758-bdcc-6da16a9f744b,Group_A,9,3,9,9,1,1,5104
28.08.2026 0:36:54,25cc7668-0d09-412d-a8b8-08520fa43e47,Group_D,4,10,4,4,1,1,11488
28.08.2026 0:36:54,78528ea8-6ba8-43e2-81d0-20847bdda466,Group_D,2,2,6,6,1,0,13673
28.08.2026 0:36:57,6ab1a43f-af0f-4304-a1ed-9b272fcd2dd3,Group_A,7,1,7,7,1,1,1353
28.08.2026 0:36:58,1005b89d-8ba1-4104-9d1d-e6528ff2539d,Group_C,7,8,7,7,1,1,3408
28.08.2026 0:36:59,cbe35880-6cf2-4eba-9e59-68c47f6e8f5e,Group_A,3,1,3,3,1,1,1840
28.08.2026 0:36:59,4d068b48-4c81-429d-9268-35341a5a6cfa,Group_C,7,6,7,7,1,1,3379
28.08.2026 0:37:00,729e808f-7a70-4a40-b596-e13a89b44f94,Group_A,7,3,7,7,1,1,11876
28.08.2026 0:37:00,2f3a5476-6028-49c0-ad2f-b26a9cafbba2,Group_C,3,10,3,3,1,1,9206
28.08.2026 0:37:01,48217259-c351-4a7f-aaec-b0879b795b74,Group_D,9,2,9,9,1,1,4140
28.08.2026 0:37:02,3c0b8d81-0cac-4805-a849-f4bc275c15dd,Group_D,4,4,2,2,1,0,7623
28.08.2026 0:37:03,aba32dfd-e589-4801-91df-25b71fc4a118,Group_C,5,1,5,5,1,1,1656
28.08.2026 0:37:06,f5eafa1a-859f-4203-a493-8a6a97aaf68f,Group_D,1,7,1,1,1,1,12101
28.08.2026 0:37:08,41812e0b-a515-4644-a44e-aed629afa8a1,Group_D,5,8,5,5,1,1,18262
28.08.2026 0:37:10,60992caf-0605-4b4a-8e58-0792f7efedb5,Group_C,9,9,6,6,1,0,3963
28.08.2026 0:37:11,64ef93ac-a7f0-4a7f-b21d-ff600613053d,Group_A,5,1,5,5,1,1,4532
28.08.2026 0:37:13,683accdc-1239-40ec-b8b8-378be956ed25,Group_B,8,1,8,8,1,1,3783
28.08.2026 0:37:14,c92416be-66cc-4045-aab0-39c4edb052e9,Group_B,4,3,4,4,1,1,9076
28.08.2026 0:37:15,19fff3ec-e735-4e8f-937b-112e61772318,Group_B,8,2,8,2,0,0,3432
28.08.2026 0:37:17,028730e7-a846-4744-939b-7dceb8437309,Group_A,10,8,10,10,1,1,6087
28.08.2026 0:37:16,baaea702-7178-49ab-a85c-f16cd9825501,Group_B,2,10,2,2,1,1,10003
28.08.2026 0:37:20,2f4be5dc-6422-46d9-8f65-45aaeb275586,Group_C,8,9,8,8,1,1,5680
28.08.2026 0:37:21,7fa7dc67-6723-47f4-b192-114dc2b3b555,Group_C,6,3,6,6,1,1,10794
28.08.2026 0:37:25,511b1994-ce86-450e-9438-960d663fd0ac,Group_B,1,2,1,2,0,0,1391
28.08.2026 0:37:26,6274e40f-2136-4dcc-8ac7-bfbd0df89162,Group_D,9,4,9,9,1,1,6390
28.08.2026 0:37:27,670cdc65-2424-4359-aa78-6f172bfcf1fa,Group_C,3,5,3,3,1,1,11313
28.08.2026 0:37:27,ac4be101-482c-43be-aad3-80911c3addc5,Group_D,7,3,7,7,1,1,2506
28.08.2026 0:37:29,aa27c629-b8fe-41b0-b76b-ed79d7983e05,Group_B,3,7,3,7,0,0,5910
28.08.2026 0:37:29,3b91f71b-fd5c-491e-97e3-15e41bd04ac2,Group_A,3,2,3,3,1,1,4750
28.08.2026 0:37:30,4bf57cc5-04aa-4c52-9d4c-fe1e2ab8fa83,Group_B,7,8,7,7,1,1,11147
28.08.2026 0:37:33,feb8a395-ebed-4d91-82ba-53626f0832fb,Group_C,10,1,10,10,1,1,3734
28.08.2026 0:37:34,ed1fbb2c-d7c5-407b-9ab2-3cc203eab739,Group_B,4,2,4,4,1,1,14293
28.08.2026 0:37:36,76712fa7-190b-40b7-ab40-7eccc1fe9598,Group_A,1,4,1,1,1,1,6738
28.08.2026 0:37:42,cac24c1a-d815-41ac-b4b6-2677e2fedce9,Group_D,4,8,4,4,1,1,26672
28.08.2026 0:37:42,7f1c0116-73af-40c9-987d-5c3a1ebbbd80,Group_D,2,2,9,9,1,0,10464
28.08.2026 0:37:43,67aeda06-956b-4427-81d2-73e26cda6ba4,Group_D,6,7,6,7,0,0,24385
28.08.2026 0:37:44,e685fe14-7074-4597-ab9a-360d41ff3f8b,Group_D,10,7,10,10,1,1,4818
28.08.2026 0:37:44,76e9da81-98a2-4557-8756-205c346f2aea,Group_D,6,1,6,6,1,1,7135
28.08.2026 0:37:45,3535f1e8-4b60-41e7-b383-011e3bc439b7,Group_D,6,1,6,1,0,0,7911
28.08.2026 0:37:45,73915b10-4293-478d-b098-2d6fbe5b404a,Group_B,7,7,6,7,0,1,13894
28.08.2026 0:37:45,37204fdd-dc91-4100-8b7b-6c2ff711ad0b,Group_D,9,7,9,9,1,1,11840
28.08.2026 0:37:47,c4d72bcf-f584-48f4-9479-6626b2650817,Group_C,9,1,9,9,1,1,6006
28.08.2026 0:37:50,fa00d59e-6a64-44ae-b943-90ce2402321b,Group_C,5,2,5,5,1,1,2724
28.08.2026 0:37:54,c8bad865-61c2-4c1a-8a69-d147ffda42d3,Group_D,7,3,7,7,1,1,12694
28.08.2026 0:37:54,51967f60-0467-4b26-b552-99453a170412,Group_B,10,3,10,3,0,0,43744
28.08.2026 0:37:55,6ed1c30c-2df7-445c-993a-22f476ca7d39,Group_A,7,3,7,7,1,1,18283
28.08.2026 0:37:56,5335564d-5413-4958-9850-87e5d961df9a,Group_B,2,8,2,8,0,0,17771
28.08.2026 0:37:58,9b64f686-3f25-44b1-824b-38fe17d503c6,Group_C,8,9,8,8,1,1,4427
28.08.2026 0:37:58,3c1371e0-4b17-49ea-b0a5-db5812205131,Group_B,2,1,2,2,1,1,200
28.08.2026 0:37:59,59baa612-1bb6-4373-9af9-5db240d6f8dd,Group_B,4,3,4,4,1,1,1766
28.08.2026 0:38:01,e9a31088-0fb6-4a89-97ed-1f9f7a969625,Group_B,10,8,10,10,1,1,11903
28.08.2026 0:38:01,dcefb234-d139-4653-923d-ab90d9892b19,Group_B,8,1,8,8,1,1,13970
28.08.2026 0:38:01,c7d6fe94-cab8-4934-935a-3751eaa2fca4,Group_A,4,7,4,7,0,0,6515
28.08.2026 0:38:03,8eb9d9a2-954d-441f-8bc6-ba5f544a5c8b,Group_B,8,3,8,3,0,0,4334
28.08.2026 0:38:06,3515cf4e-5581-4083-83ea-394d3aadb338,Group_D,9,9,8,8,1,0,13634
28.08.2026 0:38:07,60bc457c-6a77-40b7-b1f2-fea83c1f1b1d,Group_C,10,1,10,10,1,1,6520
28.08.2026 0:38:08,871b1dbf-fac0-48aa-bb7d-7a78c91ddc24,Group_A,6,3,6,6,1,1,2380
28.08.2026 0:38:08,5d0a5a27-ba23-4e72-a1db-50b0885d27c0,Group_A,8,3,8,8,1,1,2943
28.08.2026 0:38:10,70e44b7a-e806-471d-9550-b22d64ab3df1,Group_D,8,1,8,8,1,1,2854
28.08.2026 0:38:11,03209101-3ded-49df-8546-2c5bab3fbdd7,Group_D,10,6,10,6,0,0,9079
28.08.2026 0:38:11,eac4250e-b0c1-4a95-861d-af5f623891b1,Group_C,5,7,5,5,1,1,3525
28.08.2026 0:38:15,58e823e1-8e5b-44db-a016-46988827fc80,Group_B,9,8,9,9,1,1,7416
28.08.2026 0:38:17,28d51ddb-38dd-4540-b463-ca00466ec6c4,Group_D,4,4,7,7,1,0,9506
28.08.2026 0:38:18,884e3c96-a8f5-479b-8ee6-f386d497b17b,Group_C,9,4,9,9,1,1,5281
28.08.2026 0:38:20,837d3fc8-2802-476a-8b51-45b1ad75e775,Group_D,7,3,7,7,1,1,13419
28.08.2026 0:38:20,c2beb5e1-6f61-4022-903f-4c7b1c73c740,Group_A,10,3,10,3,0,0,7807
28.08.2026 0:38:20,8dc58be7-0b2c-4bf0-a3b0-caad8bf02ddf,Group_B,9,4,9,4,0,0,1575
28.08.2026 0:38:23,a4d24187-1126-416b-bdc8-3780952f7821,Group_C,5,8,5,5,1,1,5636
28.08.2026 0:38:23,46898bfa-3276-451c-998e-48b4fcd1da55,Group_C,2,4,2,2,1,1,6616
28.08.2026 0:38:24,792f1a8f-61c1-43cb-856b-b088dd4bc513,Group_D,1,4,1,1,1,1,10421
28.08.2026 0:38:28,e1e3ff71-8172-43e8-b7c6-88c357e88fb4,Group_C,1,3,1,1,1,1,10093
28.08.2026 0:38:31,6abb1bcf-be0b-4576-bbc4-256ee03223bc,Group_D,7,8,7,7,1,1,2321
28.08.2026 0:38:32,88832a94-dddd-41c4-b45e-27342dc342ab,Group_C,4,1,4,4,1,1,4747
28.08.2026 0:38:34,5a0ba8f3-a083-4514-aefa-f5871c476353,Group_C,4,1,4,4,1,1,2734
28.08.2026 0:38:40,ff67067d-168d-45b6-b5df-170f832bbb8b,Group_A,1,3,1,3,0,0,7411
28.08.2026 0:38:42,f1324a49-c299-4008-9f21-e300ddcff8bf,Group_B,9,1,9,9,1,1,13619
28.08.2026 0:38:42,c7f32636-6270-4732-a849-83a12c3dd3af,Group_B,9,10,9,9,1,1,4699
28.08.2026 0:38:43,eecb9792-2d53-4be7-9e6f-24d9efbe46e0,Group_D,4,8,4,4,1,1,7825
28.08.2026 0:38:45,55c25b7d-8a53-4098-a6aa-0e45f063f062,Group_A,2,1,2,2,1,1,8334
28.08.2026 0:38:49,c37ba736-eff5-4efa-9f56-60f4cb47d005,Group_A,7,3,7,7,1,1,14931
28.08.2026 0:38:50,60a13582-486a-48a5-9e00-9ab75a4d834b,Group_A,1,4,1,1,1,1,3036
28.08.2026 0:38:55,8d7a46c9-3061-461e-88fb-f2eaf8aee728,Group_D,1,5,1,5,0,0,32468
28.08.2026 0:38:59,6a6c3520-3f07-4104-a319-15e12484fcda,Group_D,5,1,5,5,1,1,1005
28.08.2026 0:38:59,440c9895-8d2e-4a92-8cf4-24011347b7f4,Group_B,3,1,3,3,1,1,35538
28.08.2026 0:39:01,f114792d-f0c8-45d0-9d0f-83a5138359a1,Group_B,3,1,3,3,1,1,13226
28.08.2026 0:39:03,dc1e1c06-6c66-49da-b832-103dcaccb9a1,Group_D,6,8,6,6,1,1,10289
28.08.2026 0:39:03,112f1250-45c9-46b9-8008-1970b675b668,Group_A,5,4,5,4,0,0,2666
28.08.2026 0:39:04,61fa5340-a95a-481a-9739-e9fc41079d97,Group_C,6,8,6,6,1,1,8299
28.08.2026 0:39:08,358667f3-ec39-411b-90d7-b6c805306830,Group_D,8,3,8,8,1,1,1627
28.08.2026 0:39:18,ca0fe9f2-174c-4f3d-b635-6dd4ba6ce6f0,Group_D,9,4,9,4,0,0,2589
28.08.2026 0:39:18,d2283698-9677-47d6-a33a-f380d416c0b3,Group_B,3,9,3,9,0,0,21933
28.08.2026 0:39:20,671eab97-e437-467d-8da5-e40439705ecf,Group_C,9,10,9,10,0,0,17411
28.08.2026 0:39:27,c0274931-a260-447d-9f27-23a24728cc48,Group_D,1,9,1,1,1,1,4375
28.08.2026 0:39:27,7d9f437f-1dda-4e3e-b9b0-c0c54bedfc42,Group_B,1,4,1,4,0,0,2845
28.08.2026 0:39:32,cbe319bc-623b-45e1-b7dc-d25ae55bcaaf,Group_D,2,4,2,2,1,1,28485
28.08.2026 0:39:33,7dc024a8-418c-4aff-b32b-369e7110ebd7,Group_A,4,7,4,4,1,1,20632
28.08.2026 0:39:33,02a4e96e-6550-4aaa-b2a6-8dd57335ec01,Group_D,5,8,5,5,1,1,4653
28.08.2026 0:39:33,39827298-b452-49f6-bd04-192d3b59e9ed,Group_B,8,8,9,8,0,1,7454
28.08.2026 0:39:35,244026bd-d0c4-4fa0-b534-57eccd0ff80e,Group_C,1,7,1,1,1,1,4398
28.08.2026 0:39:36,747d9a11-ec26-44fe-b7c2-07f1aaec5a13,Group_D,9,8,9,9,1,1,4657
28.08.2026 0:39:42,5c93c3ea-16f8-4556-9b92-f842fe64a10f,Group_C,9,8,9,9,1,1,4242
28.08.2026 0:39:44,bedd07dd-8660-4e4a-b16f-5e1b9f928768,Group_D,5,3,5,5,1,1,11813
28.08.2026 0:39:44,c03b12a1-34cb-497f-9bb2-1c1018b06352,Group_D,3,1,3,3,1,1,6015
28.08.2026 0:39:46,a5318d00-9940-4ead-a469-911fa7558247,Group_B,3,4,3,3,1,1,11172
28.08.2026 0:39:46,703557e4-7717-4029-a78e-178ffddd063c,Group_A,2,4,2,2,1,1,16001
28.08.2026 0:39:47,54bdc644-de6d-4723-ae5e-bb9975d527ad,Group_B,5,2,5,5,1,1,11066
28.08.2026 0:39:52,3f530944-c2ba-494d-979b-875cb628d3c6,Group_D,3,10,3,3,1,1,8419
28.08.2026 0:39:53,fe87f41d-9101-4db7-9344-71cd645c93f6,Group_C,1,1,3,3,1,0,9431
28.08.2026 0:39:55,128f88ec-ec3a-4ec9-abc7-c62f59931b1d,Group_C,1,4,1,1,1,1,7499
28.08.2026 0:39:58,846626d6-8245-4e4c-93c5-e0fbbae9bc39,Group_D,3,1,3,3,1,1,944
28.08.2026 0:40:02,684af041-d311-4fa9-aa2f-f548f2d185b3,Group_C,5,3,5,5,1,1,6851
28.08.2026 0:40:02,85819791-e767-409c-ab77-6ff68c105755,Group_D,7,6,7,7,1,1,2172
28.08.2026 0:40:02,f976da9e-b291-489d-80e0-4e492b2ac4a2,Group_D,6,6,5,5,1,0,3247
28.08.2026 0:40:03,67a32c39-b385-47e6-8d27-c7678afcfa8d,Group_A,2,5,2,2,1,1,6945
28.08.2026 0:40:05,187a05cf-2eb2-4e18-9651-b09bc120348b,Group_D,5,1,5,5,1,1,4857
28.08.2026 0:40:06,cd1d760b-b2e4-4760-9219-8ea76f80d2f3,Group_B,10,2,10,10,1,1,4772
28.08.2026 0:40:07,857e792c-fdbc-4bc7-9ac8-b9944f321a48,Group_B,6,7,6,6,1,1,11673
28.08.2026 0:40:11,acdfaa18-d946-4590-ba33-2599ff3e5fb6,Group_A,1,7,1,7,0,0,11342
28.08.2026 0:40:14,681b2465-a7eb-4da0-b9e2-9d49c2296425,Group_C,7,4,7,7,1,1,3330
28.08.2026 0:40:14,23eb1e4a-f233-4d2e-be64-685780693405,Group_D,1,6,1,1,1,1,12405
28.08.2026 0:40:17,3be89e74-f9a5-4fbe-b3e6-8c3ec6e0555b,Group_D,7,8,7,7,1,1,14929
28.08.2026 0:40:17,aae2cc0d-9ce8-463e-95e5-155fb7c0dfec,Group_B,7,6,7,6,0,0,11174
28.08.2026 0:40:19,058fedff-7907-44c6-9bf0-b478a4248c2e,Group_B,3,9,3,3,1,1,12299
28.08.2026 0:40:19,b9ad0f7e-4492-4c01-8007-a713d7743fa7,Group_C,6,7,6,6,1,1,9882
28.08.2026 0:40:22,95009f22-55f2-4665-a656-a91973471ecc,Group_C,5,5,10,5,0,1,6327
28.08.2026 0:40:28,ccdcff68-9290-4132-8ac3-ab3e78bf13de,Group_A,3,2,3,3,1,1,1246
28.08.2026 0:40:30,9f7c6f3c-b1bd-4ade-9e35-d37135cfdea7,Group_D,1,2,1,1,1,1,8712
28.08.2026 0:40:31,0b440679-c927-4b1d-b4e0-07b91f1c7da0,Group_A,8,5,8,5,0,0,8996
28.08.2026 0:40:35,ac820c1d-0841-4308-b126-5a8445c5f6b6,Group_D,5,8,5,5,1,1,10040
28.08.2026 0:40:38,b81c9073-c7ac-43c7-b069-9f6c3949e9f7,Group_D,6,5,6,6,1,1,4138
28.08.2026 0:40:41,09455346-e50a-485e-aa48-0124fe62be9d,Group_D,9,1,9,9,1,1,766
28.08.2026 0:40:41,2baf9514-6b48-4c93-b823-d8e61b1f9901,Group_B,2,1,2,2,1,1,1445
28.08.2026 0:40:41,5fda14d7-5418-4635-b848-7692f273e4a5,Group_A,5,3,5,5,1,1,2687
28.08.2026 0:40:44,f2f24135-c299-40a4-b7e3-b3f5ec5d27b0,Group_D,1,7,1,1,1,1,13417
28.08.2026 0:40:45,14136ce9-815e-4824-bcd7-9b6eaf712aff,Group_C,8,3,8,8,1,1,3424
28.08.2026 0:40:45,af968bbb-74aa-4cb9-a900-7613c8ab3086,Group_B,5,9,5,5,1,1,24858
28.08.2026 0:40:46,8924bcc0-43b5-4589-9086-09634476a98d,Group_B,10,3,10,10,1,1,8296
28.08.2026 0:40:49,7c42e8e6-e192-43c0-b268-90ca6ddcda26,Group_B,8,7,8,8,1,1,10461
28.08.2026 0:40:52,7c596dec-f692-4237-849c-22ce67395dd2,Group_A,8,5,8,8,1,1,9094
28.08.2026 0:40:56,7ff37d75-40e6-49cd-85df-eb80a4eb9787,Group_C,4,3,4,4,1,1,4495
28.08.2026 0:40:58,6c579a8d-1237-45ac-bd0d-380a511189ec,Group_C,3,2,3,3,1,1,13683
28.08.2026 0:41:00,b1c5c19e-5411-4587-867c-39f96c6a8eba,Group_D,2,2,5,5,1,0,2992
28.08.2026 0:41:00,018c7bdd-f77a-4035-b9d6-905af177960a,Group_C,5,1,5,5,1,1,2407
28.08.2026 0:41:01,ab567442-b6ef-4f4c-a988-ecdf28f0ae41,Group_A,7,7,5,7,0,1,2795
28.08.2026 0:41:01,085c84d6-9f19-4342-bb7d-24916bd55649,Group_D,4,3,4,4,1,1,154
28.08.2026 0:41:01,b907a046-9da0-47dc-8374-9c936cf6d286,Group_D,9,2,9,9,1,1,5313
28.08.2026 0:41:02,d269d5e8-1aed-4391-ac6c-20247fd4a2f5,Group_C,4,7,4,4,1,1,16045
28.08.2026 0:41:04,4472555c-a0a7-43bd-9a1a-089879236b86,Group_A,4,3,4,4,1,1,1439
28.08.2026 0:41:08,345270e3-3d1f-4a26-b47a-ac49a54a72ec,Group_B,8,3,8,3,0,0,21587
28.08.2026 0:41:10,508078d3-f891-4b2e-8f4b-16c93346cb73,Group_A,10,8,10,10,1,1,2363
28.08.2026 0:41:11,87205fa1-6475-42cc-a560-fc904935540c,Group_D,3,8,3,8,0,0,1099
28.08.2026 0:41:13,847ed0b2-130e-475e-892e-9af862b31170,Group_B,4,6,4,4,1,1,10329
28.08.2026 0:41:13,c0178265-b509-424a-a20a-a1588bfa0573,Group_C,9,3,9,9,1,1,9648
28.08.2026 0:41:18,b53c7a17-3d1a-45d0-b969-03a80b859c99,Group_A,7,6,7,7,1,1,3295
28.08.2026 0:41:22,33df5d4f-5d56-46a9-a422-ba1e1ab54c43,Group_D,10,3,10,10,1,1,3825
28.08.2026 0:41:23,dd35b224-565a-4fb5-8be4-71709443de2e,Group_C,2,1,2,2,1,1,8074
28.08.2026 0:41:23,75e0f46f-13e1-46b5-a490-a81004b8aa98,Group_B,9,2,9,9,1,1,4333
28.08.2026 0:41:23,2dc2c652-b1d0-42a2-988a-0d33eded2881,Group_C,7,7,6,6,1,0,15081
28.08.2026 0:41:25,ed52b8a0-d889-4cce-ae5c-8718d916cb2e,Group_D,3,3,4,4,1,0,1581
28.08.2026 0:41:28,ee9ed4a5-a201-4675-b113-15c664c987e6,Group_D,2,8,2,2,1,1,798
28.08.2026 0:41:29,dbe78896-6807-4645-84d8-718273248f13,Group_B,9,2,9,2,0,0,3232
28.08.2026 0:41:40,2884df2f-8f64-4449-a01f-dab24d342a9c,Group_D,4,9,4,4,1,1,40406
28.08.2026 0:41:41,b1fdcaa0-2afb-4637-855f-680a18176c9b,Group_B,1,10,1,1,1,1,9939
28.08.2026 0:41:42,b5cd3a3e-1c00-464e-a593-5d5369356723,Group_B,2,3,2,3,0,0,2457
28.08.2026 0:41:44,ddb85a15-10be-40c2-bc29-3104e67bf66d,Group_D,10,4,10,10,1,1,12557
28.08.2026 0:41:44,e5261a05-c311-40f1-833e-f070132444e2,Group_B,8,3,8,8,1,1,10243
28.08.2026 0:41:45,3bba5101-7ae2-4275-8ea4-e2ec6d7f5106,Group_D,2,8,2,2,1,1,2168
28.08.2026 0:41:46,0624de44-1748-4192-af4a-3e7057e14b16,Group_D,2,7,2,2,1,1,9133
28.08.2026 0:41:47,56eeba75-9c85-4d86-a0c8-70806d443961,Group_C,6,1,6,6,1,1,3196
28.08.2026 0:41:48,2ba70a0e-facc-48dc-982d-0fa415f52215,Group_C,1,5,1,1,1,1,6473
28.08.2026 0:41:49,6266cc1c-a719-4c23-b501-c23823b227d9,Group_C,10,2,10,10,1,1,3599
28.08.2026 0:41:49,f07f1b8a-c189-4ec0-a247-655c840f2bf4,Group_B,4,2,4,4,1,1,15749
28.08.2026 0:41:52,c94990b0-9bd2-451b-9892-4820902c41c7,Group_C,2,7,2,7,0,0,9538
28.08.2026 0:41:52,4bd53728-6de4-4ec3-989c-e19d6dbc8e1a,Group_B,8,6,8,8,1,1,26258
28.08.2026 0:41:54,4cf3b098-e589-4cd4-aeea-7baed2269099,Group_B,1,1,5,5,1,0,9398
28.08.2026 0:41:57,e1f14ea3-4927-466d-aa48-8011b7aa7e91,Group_B,5,1,5,5,1,1,17024
28.08.2026 0:42:00,70b85364-a739-48be-8084-c73c4a82f393,Group_C,10,3,10,10,1,1,12666
28.08.2026 0:42:06,1c77b4e4-3c4f-43ec-bcd0-5712bff71a01,Group_B,5,1,5,5,1,1,10048
28.08.2026 0:42:08,4aa155be-1616-43a6-9c00-754e59563b2e,Group_A,4,6,4,6,0,0,7532
28.08.2026 0:42:09,b8f45eb9-a156-4865-9f0f-aec60ef287a1,Group_B,8,4,8,8,1,1,6295
28.08.2026 0:42:12,4be91d0b-ed3b-4296-aa4b-95cc997a9f06,Group_C,3,3,9,9,1,0,10325
28.08.2026 0:42:12,93c23e27-5c80-4677-bf37-05f35dfc8764,Group_B,1,8,1,8,0,0,6599
28.08.2026 0:42:14,ecbf57d2-49b6-40fc-8ee7-bedb8be1c452,Group_B,2,8,2,8,0,0,2506
28.08.2026 0:42:16,7259f0cb-c1e4-43f5-8e50-b11fdc30c95a,Group_D,9,3,9,9,1,1,5508
28.08.2026 0:42:17,9d40d63d-55d0-4617-89df-89a2bbc77f31,Group_B,10,8,10,10,1,1,16457
28.08.2026 0:42:18,263f9cbd-7f64-402b-a3e2-95ca4dbd5779,Group_D,9,3,9,9,1,1,3966
28.08.2026 0:42:18,b7a1a0c1-ed25-4d1c-80fd-30ae8cc43c49,Group_B,5,1,5,5,1,1,4437
28.08.2026 0:42:18,9b6f85cb-b256-4786-bb45-3400a9930096,Group_B,1,8,1,1,1,1,9488
28.08.2026 0:42:20,f75dfb4b-f861-4e7f-be5e-63e9d3f4cddf,Group_C,6,1,6,6,1,1,4729
28.08.2026 0:42:23,2e9a92f9-597c-44cd-85cf-4e69953b1e59,Group_B,4,1,4,4,1,1,4099
28.08.2026 0:42:26,afa95d8f-0d64-4a6d-8c01-80b383aa4e42,Group_C,8,8,2,2,1,0,4204
28.08.2026 0:42:29,477be549-9ad1-4c1b-b4b6-7c9b79a2ca4c,Group_D,1,3,1,1,1,1,21857
28.08.2026 0:42:30,98f929b2-9867-4703-b987-3fae492f7157,Group_B,2,3,2,2,1,1,9826
28.08.2026 0:42:31,137b19ea-0c1e-41ff-a50f-a5840562674b,Group_A,1,6,1,6,0,0,12521
28.08.2026 0:42:31,25cce1af-8924-4801-a72f-a01daffbfa8d,Group_D,5,3,5,5,1,1,3863
28.08.2026 0:42:32,d6bda9f0-c552-430f-9405-52bd8910ceba,Group_C,2,1,2,2,1,1,5595
28.08.2026 0:42:34,8a73e938-04f1-4f6f-9e88-c4c3eec333e6,Group_C,7,3,7,7,1,1,2778
28.08.2026 0:42:36,a7beea99-28ed-40a8-a2be-ce7c134a3ef8,Group_B,6,8,6,6,1,1,3216
28.08.2026 0:42:39,7953c78b-bb7f-4e9e-aeec-507362b8bcf2,Group_B,5,3,5,3,0,0,17785
28.08.2026 0:42:39,239f57d1-f129-4bdb-b1ff-04f17573774b,Group_C,2,3,2,2,1,1,7823
28.08.2026 0:42:40,30a2811c-f872-4e00-90e0-8e51bb80bfda,Group_B,9,2,9,9,1,1,8622
28.08.2026 0:42:41,567ebcca-8e14-4953-a5ac-775c2d8b07cc,Group_C,2,1,2,2,1,1,164
28.08.2026 0:42:46,1f53d6af-f193-4dc8-bd97-30d1cc4e17d6,Group_A,3,7,3,7,0,0,3566
28.08.2026 0:42:46,3f809d28-acc7-413d-b58a-32b09a9eb6a1,Group_C,8,8,3,3,1,0,7944
28.08.2026 0:42:48,74a73525-f8aa-4915-8c36-06c0ac709338,Group_C,3,7,3,3,1,1,12310
28.08.2026 0:42:48,5fc27733-d3b7-4e9d-85f5-aedcaa74e49e,Group_C,8,3,8,3,0,0,8260
28.08.2026 0:42:49,2b0c881d-aa99-4725-bb4e-cda8a3bd365c,Group_B,2,3,2,2,1,1,8199
28.08.2026 0:42:49,f6e75e25-5150-4b3d-9743-e17331b23a50,Group_B,3,2,3,3,1,1,15436
28.08.2026 0:42:55,21ddce78-f7a1-43e9-8c44-c3b7dc838f5f,Group_D,2,6,2,6,0,0,24372
28.08.2026 0:42:56,cd8c182f-c70d-4227-a208-4fd305cbae36,Group_B,6,1,6,1,0,0,10803
28.08.2026 0:42:57,88713655-8c69-4a50-b4d9-77a3d61cefd4,Group_C,7,1,7,7,1,1,9212
28.08.2026 0:42:57,2434992b-31ed-41c8-8c21-5873b8ca5e8c,Group_B,1,2,1,1,1,1,28861
28.08.2026 0:43:00,59916024-753b-43d7-b340-7d2b62150651,Group_D,3,2,3,3,1,1,11559
28.08.2026 0:43:05,531fdc51-8367-40bb-addd-61a696558211,Group_D,6,4,6,6,1,1,5644
28.08.2026 0:43:05,cd7c13cf-0fcf-4700-84a8-10c095ab242d,Group_D,5,2,5,5,1,1,1583
28.08.2026 0:43:06,2a2cfbc5-bd1a-4a34-b64d-fb4817840761,Group_B,4,7,4,4,1,1,8296
28.08.2026 0:43:07,bc9fbe34-d0a2-477b-ba5d-7f0257be4703,Group_C,9,4,9,9,1,1,2037
28.08.2026 0:43:10,97ef4d10-17a7-494a-811d-667828778f1b,Group_C,4,8,4,4,1,1,5723
28.08.2026 0:43:14,76413e32-e337-47bc-90c1-ea520ae071f0,Group_A,5,5,10,10,1,0,8859
28.08.2026 0:43:14,10c010b2-825a-4f13-8852-e5ec2574ba54,Group_A,1,4,1,1,1,1,4493
28.08.2026 0:43:22,1cacb0fb-fb2c-4275-aeca-10dddd45b16c,Group_D,4,8,4,4,1,1,11060
28.08.2026 0:43:25,54bfcbea-bb7f-447f-8fe3-4d96fbdfc2f4,Group_C,6,7,6,6,1,1,12056
28.08.2026 0:43:25,67d64a6e-4ebb-4821-88ae-4a4f066d7a25,Group_D,8,1,8,8,1,1,6057
28.08.2026 0:43:25,dcfd1ec4-0b48-4fbd-857b-29a407c76edd,Group_B,10,5,10,5,0,0,7924
28.08.2026 0:43:29,19df7d3c-25bb-42ec-a814-40a04c8006b2,Group_C,2,8,2,2,1,1,5152
28.08.2026 0:43:30,23494a0e-b561-46da-aeb3-802711b1efd2,Group_C,3,3,1,1,1,0,3402
28.08.2026 0:43:33,69dd4656-994e-4826-99bf-a9b0ffe454de,Group_A,1,3,1,1,1,1,2716
28.08.2026 0:43:34,5758edc2-a9b3-487a-b3ac-be93e157455b,Group_A,3,10,3,3,1,1,10041
28.08.2026 0:43:36,2e1378b6-fb24-490d-a920-6ec5de5bbd37,Group_D,5,3,5,5,1,1,2906
28.08.2026 0:43:42,1909a217-aba1-434e-9505-7b2f2aef1d6f,Group_C,3,3,10,10,1,0,4225
28.08.2026 0:43:45,862618a6-90a1-4e03-b0ad-68e6c15d5908,Group_A,5,3,5,5,1,1,17616
28.08.2026 0:43:46,44e3b1a4-d444-4a23-8599-59c5b20254cc,Group_D,2,2,1,1,1,0,1331
28.08.2026 0:43:48,4f545904-3605-4e7d-a90a-2e23464617da,Group_C,3,8,3,3,1,1,947
28.08.2026 0:43:52,5ad563f6-4db2-4020-a954-0fd5690cdb71,Group_B,5,7,5,5,1,1,8915
28.08.2026 0:43:54,bc6d7b88-36bd-49ef-bbcb-3e31573e7cac,Group_B,10,9,10,9,0,0,14920
28.08.2026 0:44:02,4eaddc04-6690-4e20-9ade-57b7acb93671,Group_A,10,5,10,10,1,1,28568
28.08.2026 0:44:03,91bf9176-f8e7-4d4d-a8a2-7cb3d6ab1fda,Group_B,9,2,9,9,1,1,24149
28.08.2026 0:44:05,5c679fbe-6b89-42d1-a580-081b9e36e6b6,Group_B,2,7,2,2,1,1,11881
28.08.2026 0:44:06,50ec3f86-415a-4bd1-985a-9d0546328b4b,Group_A,7,4,7,7,1,1,1022
28.08.2026 0:44:11,220e9c4f-94bf-4ac9-9ea1-249981b893ab,Group_D,1,7,1,1,1,1,6739
28.08.2026 0:44:13,642623dc-b060-4a27-80a9-77bf7ede4d60,Group_C,2,2,9,9,1,0,9316
28.08.2026 0:44:18,0c5dac9a-611a-4ae4-8f78-536cf2df9536,Group_C,7,6,7,7,1,1,3998
28.08.2026 0:44:23,7e4c69ef-e4f9-4791-a2b6-a5730553f90f,Group_D,10,2,10,10,1,1,7916
28.08.2026 0:44:26,28c4613e-04c7-4d94-af4d-84faafa84e0a,Group_B,10,3,10,3,0,0,14602
28.08.2026 0:44:30,4f0474fb-9f92-489b-9108-a988d17b6435,Group_A,2,7,2,7,0,0,20684
28.08.2026 0:44:30,3adfcb0d-74c2-4503-a3fc-b6e00c87a2d8,Group_D,1,2,1,2,0,0,19867
28.08.2026 0:44:33,c98097b9-d208-4940-a9e8-fcf1ae5910a8,Group_B,6,4,6,6,1,1,1608
28.08.2026 0:44:33,3f5aaea2-04e2-421b-913d-9333643f501d,Group_B,1,5,1,1,1,1,20291
28.08.2026 0:44:35,0b4c920b-3cc4-4eea-88cb-fe8c246d0cc7,Group_D,5,3,5,5,1,1,2762
28.08.2026 0:44:37,80cf3212-0b90-4f63-82ec-909487617ccf,Group_C,8,7,8,8,1,1,918
28.08.2026 0:44:40,7914d442-a23f-4636-95e1-53718dee3741,Group_D,7,1,7,7,1,1,2314
28.08.2026 0:44:42,4f335b1f-52fd-4869-b270-3d7171ef2074,Group_C,6,1,6,6,1,1,9171
28.08.2026 0:44:43,8bb75ffe-6785-4dea-a16d-c4601d86fe50,Group_D,2,3,2,2,1,1,17228
28.08.2026 0:44:51,de2d591a-2dba-4da8-a120-047494ff37aa,Group_B,1,7,1,1,1,1,11039
28.08.2026 0:44:55,dfe7f33b-b2c0-49dd-9f89-d9db28f91967,Group_D,5,4,5,5,1,1,12762
28.08.2026 0:45:05,3f044e01-40a3-41c8-be17-a217195df61c,Group_C,7,2,7,7,1,1,10291
28.08.2026 0:45:11,3eef9231-e52d-4858-bb32-4eeaecd494ce,Group_B,5,4,5,4,0,0,9369
28.08.2026 0:45:15,41ab49a3-da1e-4e95-b7f1-312acaa85414,Group_C,3,7,3,3,1,1,671
28.08.2026 0:45:17,4197a4ac-4282-4617-afca-11cd2cb630de,Group_D,2,5,2,2,1,1,2641
28.08.2026 0:45:17,56832ba1-d0ee-4f50-8869-a18ba2b3297d,Group_B,10,1,10,10,1,1,2794
28.08.2026 0:45:18,fb2125ea-5c68-41df-96bd-2fe42639d83a,Group_D,3,8,3,3,1,1,23501
28.08.2026 0:45:22,4dd263f4-6224-4839-a019-32508e3b674d,Group_C,1,1,6,6,1,0,7751
28.08.2026 0:45:27,a0d5a776-793e-4d5c-96b4-4633b825c310,Group_B,5,5,9,9,1,0,10684
28.08.2026 0:45:35,816c4272-a911-4ffa-b317-08dd9acbea06,Group_B,2,4,2,2,1,1,8741
28.08.2026 0:45:42,c853af33-91b0-412b-a109-8be37c208439,Group_B,5,1,5,5,1,1,2058
28.08.2026 0:45:45,7f9c78ce-545c-4877-8b02-90141bc4b863,Group_D,4,4,9,4,0,1,12712
28.08.2026 0:45:52,3113a248-d267-43f5-9215-e5d9c9624fca,Group_B,10,4,10,10,1,1,13112
28.08.2026 0:45:55,2aa8bae5-c48a-43cb-9b25-d82467375ab7,Group_B,9,1,9,9,1,1,2017
28.08.2026 0:45:57,e20549f5-e440-47da-9ef3-248aa1386671,Group_C,3,4,3,3,1,1,10460
28.08.2026 0:45:57,871439ee-ac75-4918-a964-0811eacd0e04,Group_A,8,5,8,8,1,1,13531
28.08.2026 0:46:04,27e1040c-08f8-4e66-8515-d6a7a07801d3,Group_B,1,3,1,1,1,1,22892
28.08.2026 0:46:04,84d12bbc-f82a-4511-a470-334977c57bdd,Group_D,8,5,8,8,1,1,11426
28.08.2026 0:46:05,b352ff1d-41e4-4df3-9c42-8dee29068221,Group_D,1,1,7,7,1,0,1149
28.08.2026 0:46:10,f6ed7769-7655-47d5-8453-ee3c088ea1d7,Group_D,8,8,6,6,1,0,4492
28.08.2026 0:46:17,88192424-b23f-4b19-b518-b4e1b8936702,Group_A,6,1,6,6,1,1,1194
28.08.2026 0:46:18,37a8811e-7ebe-44c2-8c54-bd67b50434c0,Group_A,8,2,8,2,0,0,6324
28.08.2026 0:46:20,64117ac8-051c-4f17-86fb-40f056f3a814,Group_C,2,3,2,2,1,1,7566
28.08.2026 0:46:22,83aefac4-6038-488f-a6e0-196858761660,Group_A,8,6,8,8,1,1,9159
28.08.2026 0:46:25,725e362e-0280-450d-849a-7b11c9002e0e,Group_B,4,8,4,4,1,1,24350
28.08.2026 0:46:27,661e21da-3638-4b84-8d0b-e03b41b6d1b1,Group_D,9,1,9,9,1,1,4726
28.08.2026 0:46:29,c37e993f-9f77-4b3c-bfe0-ea0ebcc5380b,Group_C,5,3,5,3,0,0,9153
28.08.2026 0:46:30,c2994da2-35c3-424d-a764-d5b2cdafa339,Group_A,1,9,1,1,1,1,2803
28.08.2026 0:46:35,c6723ffb-189e-4a36-b9dd-b761af4c2939,Group_D,4,7,4,7,0,0,41529
28.08.2026 0:46:37,dbab1f8b-5918-4ee7-92e9-07e5bfc9a0d7,Group_C,5,8,5,5,1,1,4686
28.08.2026 0:46:41,da784bee-dc22-46b0-b5c4-f63f5757f94e,Group_A,1,6,1,6,0,0,4831
28.08.2026 0:46:44,2696d610-d172-46d9-b549-fc902c0fe0f4,Group_A,10,3,10,10,1,1,861
28.08.2026 0:46:45,1648a97a-b982-4402-b502-84a051c43f34,Group_B,7,6,7,7,1,1,13923
28.08.2026 0:46:45,1b29ac97-6377-44bb-b6b0-1adbbaee5ae7,Group_D,5,4,5,4,0,0,17030
28.08.2026 0:47:01,291ea540-2231-4262-89b2-28ea4d0c408d,Group_B,2,2,10,2,0,1,3953
28.08.2026 0:47:03,03498253-8fa8-4a36-a876-3d12c91e05cd,Group_A,9,9,2,2,1,0,11136
28.08.2026 0:47:08,037d55c0-fd73-45f6-8363-767610795b6f,Group_B,2,3,2,2,1,1,16097
28.08.2026 0:47:16,43d99f89-01bd-43e0-a333-d6008133c7aa,Group_B,2,1,2,2,1,1,218
28.08.2026 0:47:30,02433fb3-f3fb-444e-af75-70c607c6faf5,Group_B,3,3,1,1,1,0,8458
28.08.2026 0:47:32,a6ff93b8-2b4c-4ff4-8ac7-41e52c1c9ca1,Group_A,10,7,10,10,1,1,18710
28.08.2026 0:47:33,c1ff390e-a75d-40e8-a3a5-93822fb4deeb,Group_A,10,9,10,10,1,1,3884
28.08.2026 0:47:33,0946fdf7-6f1c-487f-a96f-661e25254d95,Group_C,5,3,5,5,1,1,6643
28.08.2026 0:47:34,6f8905a7-7cf6-460d-8a08-0791170a68b7,Group_B,3,1,3,1,0,0,3078
28.08.2026 0:47:41,119fcd94-fcf2-4c4c-baf3-b0c20f8d84e8,Group_B,1,3,1,1,1,1,10095
28.08.2026 0:47:48,155ffc5a-05df-44c3-9e42-03850b25e40f,Group_B,7,2,7,7,1,1,7906
28.08.2026 0:47:52,2427e840-0e79-4699-9a69-28448eac2972,Group_A,5,6,5,5,1,1,4601
28.08.2026 0:47:57,1cd2373d-261e-4bc6-9e11-9b3d95e72a42,Group_B,8,7,8,8,1,1,7214
28.08.2026 0:47:58,7fa52689-ed2c-4554-b969-cda66be90bca,Group_A,7,8,7,7,1,1,8953
28.08.2026 0:48:03,145aa9c6-60b0-423a-9747-5fd82c43e29e,Group_A,1,10,1,10,0,0,26696
28.08.2026 0:48:03,c31ae5a1-73ff-45ca-ad0e-03a41ec472f5,Group_B,3,7,3,7,0,0,13631
28.08.2026 0:48:07,758cca7b-3aa6-4bdc-8de8-a256f82e3d1f,Group_B,7,5,7,7,1,1,19181
28.08.2026 0:48:08,a2e80c06-146d-4559-bfda-cb10612ad9bc,Group_B,6,10,6,6,1,1,28268
28.08.2026 0:48:11,5a75e335-b8d6-4418-9c47-e344f6006a48,Group_C,10,8,10,10,1,1,5040
28.08.2026 0:48:15,e4c0f658-9eb0-4621-96de-73590ebe0cbb,Group_B,2,1,2,2,1,1,12813
28.08.2026 0:48:16,aafd4c4c-f9a0-443a-82f1-c9fd40e4fd36,Group_A,2,3,2,2,1,1,9162
28.08.2026 0:48:21,b89f740b-ae86-4d5e-9e8a-64b3b87e0d65,Group_B,9,3,9,3,0,0,1529
28.08.2026 0:48:22,16adebc3-11dd-4e41-bb9d-33c9178149d0,Group_A,8,1,8,8,1,1,15983
28.08.2026 0:48:23,75939f23-e420-44f9-bf82-d71d66369f55,Group_C,3,6,3,6,0,0,12312
28.08.2026 0:48:24,4c4c66df-b428-4a86-8b0d-6ffe3bcd0b37,Group_C,3,4,3,3,1,1,1781
28.08.2026 0:48:28,843f56a2-2083-45b7-bc02-af343a128efb,Group_C,3,2,3,3,1,1,10725
28.08.2026 0:48:31,9f810702-9201-467d-83c7-ac5c2b9bdc4d,Group_D,9,9,6,6,1,0,255
28.08.2026 0:48:32,12005969-8089-42ab-9daa-468277e874ee,Group_B,7,3,7,7,1,1,11640
28.08.2026 0:48:34,8d7046f8-cc50-49a3-a92a-2f4fbfa456f5,Group_A,2,8,2,2,1,1,43052
28.08.2026 0:48:36,b1ac3f6f-8c4f-446f-829c-b7691338f866,Group_A,9,1,9,9,1,1,10165
28.08.2026 0:48:38,55aa77e9-89f6-4560-bcd4-4f96450a3481,Group_C,9,1,9,9,1,1,1947
28.08.2026 0:48:43,c7584127-6ed3-4813-8b88-0f5802a884f6,Group_D,2,1,2,2,1,1,7118
28.08.2026 0:48:44,2fb0a589-89df-4595-9064-60d6d9202d01,Group_A,1,3,1,1,1,1,7174
28.08.2026 0:48:47,51b7e66b-9979-4092-ba33-2c09d01d329d,Group_D,8,9,8,8,1,1,23219
28.08.2026 0:48:50,03d703f7-5088-4f32-880c-b371a43088b6,Group_B,9,7,9,9,1,1,46978
28.08.2026 0:48:52,f07b9f21-d967-46a2-89bd-b49c3ceb1e34,Group_D,2,7,2,2,1,1,18903
28.08.2026 0:49:07,d01aa300-9d80-4184-9f4c-9ff4a1bb67bc,Group_C,3,4,3,3,1,1,8023
28.08.2026 0:49:15,4cda1ef2-638e-4398-8ace-bf89f0f28306,Group_A,10,8,10,10,1,1,12314
28.08.2026 0:49:17,52af2588-e34d-468d-9f49-afc804fff3cf,Group_B,5,2,5,5,1,1,20991
28.08.2026 0:49:21,2421d34e-f217-4982-b867-b50aed8c242f,Group_B,1,7,1,1,1,1,27924
28.08.2026 0:49:26,4f3aaa98-0f84-47a4-b2a1-56041521edda,Group_B,9,7,9,7,0,0,2239
28.08.2026 0:49:26,f2cd2015-b221-4f4b-82d8-050db7295ca1,Group_C,7,6,7,7,1,1,5502
28.08.2026 0:49:27,7c8d1914-d26b-47dc-88b3-6b23c187d0e4,Group_B,8,3,8,3,0,0,9364
28.08.2026 0:49:27,f88dc768-7689-4b52-beeb-deb92c6813bf,Group_C,5,2,5,5,1,1,4450
28.08.2026 0:49:28,05ad4dce-78e9-4f72-881d-80f3da84e7d1,Group_D,8,5,8,5,0,0,6969
28.08.2026 0:49:34,2f431b8e-cafb-4fab-a915-394092f4e229,Group_A,2,2,10,10,1,0,1839
28.08.2026 0:49:35,1dcb1fbd-a8b5-4ee8-ae56-3176217e893d,Group_D,4,7,4,7,0,0,30487
28.08.2026 0:49:37,58983c47-9d40-4ed0-9c92-82c0b710abdd,Group_C,3,1,3,3,1,1,5580
28.08.2026 0:49:38,e1d5ccea-8f02-4fec-907b-7db5ef29c638,Group_C,1,4,1,1,1,1,8044
28.08.2026 0:49:41,687ce4c5-17c4-4067-a10f-1651fd85cc17,Group_B,3,5,3,3,1,1,2056
28.08.2026 0:49:43,11485962-3497-4a5f-b006-3b9787459d5e,Group_B,8,2,8,2,0,0,2892
28.08.2026 0:49:45,9ede810e-e2a4-4146-a971-a0920a05bb0f,Group_D,3,4,3,3,1,1,7735
28.08.2026 0:49:46,525cf908-8e51-4072-a075-cf9ef3d0ed66,Group_C,1,3,1,1,1,1,5356
28.08.2026 0:49:46,0e8f9145-c7f6-4349-ba1c-d1447e033d2f,Group_B,5,5,9,9,1,0,16418
28.08.2026 0:49:46,ad3fca9b-5455-4773-a82b-12b240dbd406,Group_B,10,7,10,10,1,1,8011
28.08.2026 0:49:50,fd18d1ce-c2ac-4153-a3ff-d2483bf63fa2,Group_A,10,6,10,6,0,0,17170
28.08.2026 0:49:52,50249f9e-8bdb-4a28-9d30-0a5a3cfc1624,Group_A,5,2,5,2,0,0,9069
28.08.2026 0:49:53,062b872b-e226-4c75-9097-f0fcfa23b509,Group_B,6,1,6,1,0,0,12485
28.08.2026 0:49:53,88b97cd9-2083-487c-bdac-41bc73cfa685,Group_B,4,1,4,1,0,0,6591
28.08.2026 0:49:54,10c29644-ab2b-4e04-aed7-f5e5e2ae4dcf,Group_C,3,1,3,3,1,1,2498
28.08.2026 0:49:54,06810517-f708-44bb-86df-8120bee93617,Group_B,6,3,6,6,1,1,24332
28.08.2026 0:49:55,454f961a-637b-4475-997f-1b311f08052c,Group_A,4,3,4,4,1,1,9329
28.08.2026 0:49:57,1b57de24-9110-43d1-86cb-3723e5d84b97,Group_D,1,8,1,1,1,1,18698
28.08.2026 0:50:00,df90c314-e600-457a-89ef-b886f406f883,Group_A,6,4,6,6,1,1,3125
28.08.2026 0:50:04,b803aafe-ea73-4d26-afa1-9e1aa2e08759,Group_C,6,7,6,6,1,1,18929
28.08.2026 0:50:04,b4ef5e1b-1fe3-45e1-b160-5c1519f837fd,Group_B,9,4,9,9,1,1,6080
28.08.2026 0:50:05,bfd69d26-8f3f-41e0-adac-18135ca3aa9d,Group_B,7,7,6,7,0,1,12417
28.08.2026 0:50:10,9cea0ece-dfc2-478c-a0ca-cc9234017388,Group_A,4,1,4,4,1,1,12970
28.08.2026 0:50:10,c5480bd9-6268-4e74-ac84-53d780b3a714,Group_D,4,10,4,4,1,1,12060
28.08.2026 0:50:11,47192cee-78b6-4dc6-a19a-b0f710697265,Group_A,3,4,3,3,1,1,2832
28.08.2026 0:50:12,f2487cf8-c87d-457a-8350-07f5a643202a,Group_B,5,2,5,5,1,1,6689
28.08.2026 0:50:19,e725f0b0-0cbc-4bd6-bb54-1d8b0a1930d4,Group_A,6,4,6,4,0,0,31292
28.08.2026 0:50:26,a8fc9e87-1284-483d-be2e-8635d0bb42e3,Group_C,6,3,6,6,1,1,18371
28.08.2026 0:50:27,6caafb94-996c-461e-83f5-e333059f6439,Group_C,9,5,9,9,1,1,14543
28.08.2026 0:50:27,6e2d5987-a699-4c17-8c43-4e7780a54b1c,Group_C,4,1,4,4,1,1,226
28.08.2026 0:50:32,212163cf-ddc4-494d-b5b7-97f5ff6c166f,Group_A,5,9,5,5,1,1,9263
28.08.2026 0:50:36,260ea03b-ca22-43b6-bc48-655eda87c18b,Group_D,1,1,10,1,0,1,15400
28.08.2026 0:50:36,c62e56d1-3035-4bd5-a3cd-52187bc6b822,Group_D,8,2,8,8,1,1,9726
28.08.2026 0:50:38,4a636612-603c-411f-b76d-3326b4c8eff3,Group_B,6,3,6,6,1,1,6278
28.08.2026 0:50:48,05c169a1-a90a-4a16-8ae0-6ddc4441bab1,Group_D,5,10,5,10,0,0,4721
28.08.2026 0:50:52,1fb9c4b4-b0fb-4f41-b280-9fababff703b,Group_D,10,4,10,10,1,1,42093
28.08.2026 0:50:52,b18530a7-83e5-44be-8213-abd847693da4,Group_C,1,7,1,1,1,1,9427
28.08.2026 0:50:53,6ee6180e-e1d9-4479-8625-bd4594df6161,Group_B,2,6,2,2,1,1,5199
28.08.2026 0:50:58,4555d8c6-53c3-4d6c-89f6-5df5f4bb780b,Group_C,1,6,1,1,1,1,9634
28.08.2026 0:51:01,c0e3010f-2da6-4cd5-a795-4b5515054868,Group_A,1,3,1,1,1,1,11511
28.08.2026 0:51:04,742df6f0-cb96-416a-bca1-53068e200460,Group_D,6,8,6,6,1,1,6628
28.08.2026 0:51:05,32d34a28-97d2-4e5a-847c-af078c90ab0d,Group_C,6,8,6,6,1,1,6012
28.08.2026 0:51:07,35e08e95-7ab3-48f8-a981-ca71dcca456a,Group_A,10,1,10,1,0,0,2712
28.08.2026 0:51:08,ee4ec3e1-c1f2-43bf-882b-8487a3fe20d4,Group_C,2,4,2,2,1,1,18273
28.08.2026 0:51:11,3fc436f0-6dbe-4be6-9d7b-f17205a654e4,Group_A,7,1,7,1,0,0,15257
28.08.2026 0:51:20,522e5e58-05e7-4624-ba23-e2c7a3f58bed,Group_B,9,2,9,2,0,0,4576
28.08.2026 0:51:20,1e050ee9-2b71-4f02-856f-ee8c0b30df6f,Group_D,2,8,2,2,1,1,45989
28.08.2026 0:51:21,bb697684-46f4-42ed-95e1-3f579a8a5a2b,Group_C,6,4,6,4,0,0,5534
28.08.2026 0:51:28,d8c35a16-ad25-4876-922a-e72f52322f94,Group_B,4,4,6,6,1,0,24323
28.08.2026 0:51:34,cd317470-8516-4930-bf51-5d61815a758d,Group_B,4,1,4,4,1,1,12680
28.08.2026 0:51:34,1c6906ae-22ca-4ae9-a7f2-1b06ceb8af4f,Group_D,9,4,9,4,0,0,19144
28.08.2026 0:51:36,0b75f368-882e-43fb-beba-fa14c8037789,Group_B,7,2,7,7,1,1,3481
28.08.2026 0:51:38,7f21cc48-b48a-4ff3-ad77-fc545061d8e3,Group_C,2,7,2,2,1,1,4452
28.08.2026 0:51:40,ba511ca9-65ed-4ed9-bc63-1c6fc7354017,Group_D,3,1,3,3,1,1,3208
28.08.2026 0:51:41,b3f266ad-24eb-4fa0-9d82-688537454750,Group_A,2,6,2,2,1,1,15438
28.08.2026 0:51:43,5708b607-f67e-4217-acae-da361b170aa6,Group_C,6,5,6,5,0,0,3363
28.08.2026 0:51:44,adc35be7-c32c-40f7-b74e-b6f6ec2c5f47,Group_D,4,7,4,4,1,1,3000
28.08.2026 0:51:45,53fdc165-4eee-435c-94e9-f015183d6b87,Group_A,3,4,3,3,1,1,4149
28.08.2026 0:51:47,e11c71c9-a1bf-4498-b852-f6d6b8229824,Group_B,6,6,4,6,0,1,14124
28.08.2026 0:51:48,bacbfe92-8142-4466-9daa-127f1e39095c,Group_C,10,5,10,10,1,1,5278
28.08.2026 0:51:49,eeb9cebc-55bf-470a-9b8d-171272c5375c,Group_D,2,1,2,2,1,1,18149
28.08.2026 0:51:49,d643a04e-9b72-46d3-8f15-b8383c1a376c,Group_B,4,8,4,4,1,1,4245
28.08.2026 0:51:51,9c160eeb-4fe2-4b9d-a2fe-5c536258d334,Group_A,4,7,4,4,1,1,7571
28.08.2026 0:52:04,00c80cc6-ae38-4732-878f-d0ae91a142df,Group_A,9,8,9,9,1,1,13723
28.08.2026 0:52:04,92135db4-42b3-49f4-90ad-7ef552a36309,Group_D,5,7,5,5,1,1,22754
28.08.2026 0:52:10,b99c6eb5-826b-4dae-ac19-82a61e995931,Group_B,3,10,3,10,0,0,1701
28.08.2026 0:52:11,928afad4-cc21-4840-9619-f6c798edd02f,Group_C,1,8,1,1,1,1,2825
28.08.2026 0:52:15,8227bd8f-7bad-40bc-98f3-17a885c57dce,Group_C,7,8,7,7,1,1,6901
28.08.2026 0:52:19,fc358971-79d2-4d8f-b199-ee3fbdd2fa98,Group_D,5,3,5,5,1,1,30342
28.08.2026 0:52:21,7078918c-0446-4dcc-bc79-3d52aea57a1a,Group_A,10,8,10,8,0,0,10191
28.08.2026 0:52:23,8a0adce4-df55-423f-910b-8eab0ecbd61f,Group_D,1,4,1,1,1,1,4382
28.08.2026 0:52:23,04a5f2aa-8cc8-4483-a96c-f4df69525793,Group_C,4,2,4,2,0,0,1184
28.08.2026 0:52:27,886a0cee-db9c-4887-8348-422a4a6b52b0,Group_C,8,1,8,8,1,1,6603
28.08.2026 0:52:27,a08d767a-d2af-4b5f-8bd8-728028d84c31,Group_A,3,3,6,6,1,0,1406
28.08.2026 0:52:32,ebba93fd-e45b-45ac-8989-579ceabbcf7e,Group_D,10,4,10,10,1,1,3684
28.08.2026 0:52:39,2df38ac8-95bb-4ebe-8b38-9ffc82540752,Group_B,4,4,3,3,1,0,5567
28.08.2026 0:52:44,edbac51d-d25b-4dbd-a8ea-12ec55878d41,Group_B,7,2,7,2,0,0,20563
28.08.2026 0:52:46,63ebdd11-65d4-4bc8-b36c-383bc11a6bc4,Group_A,1,4,1,1,1,1,15162
28.08.2026 0:52:50,8a6c6e21-72ea-46d3-a858-eb8eebdf51aa,Group_D,10,1,10,10,1,1,11866
28.08.2026 0:52:57,836e2715-e0c7-43e5-bc8b-496d27980677,Group_C,10,1,10,10,1,1,7001
28.08.2026 0:53:03,8847c3a6-8a4b-4a2c-908b-ec0753c41faa,Group_B,2,10,2,2,1,1,6216
28.08.2026 0:53:10,de3a531f-e940-4a5a-9104-e82ea3390bcd,Group_C,8,1,8,1,0,0,4948
28.08.2026 0:53:12,6405f57e-fcff-4023-a9b0-95b843ff10f2,Group_B,9,7,9,9,1,1,22608
28.08.2026 0:53:18,9a3a98e6-c709-43c6-b5ff-3cc0a930b926,Group_A,1,4,1,1,1,1,6254
28.08.2026 0:53:21,bc692c35-892c-4e68-9269-33fad5cda615,Group_C,7,8,7,8,0,0,1504
28.08.2026 0:53:22,ff330b08-fe73-47e7-9ec5-3b88cf5834d8,Group_C,9,5,9,9,1,1,4994
28.08.2026 0:53:25,b5e58eb7-1216-43bf-ac52-b46001e5be52,Group_A,9,1,9,9,1,1,3414
28.08.2026 0:53:25,d52f4b15-7353-489d-a1af-8403b9108ade,Group_C,9,2,9,9,1,1,3838
28.08.2026 0:53:29,08d704aa-0a37-4add-accf-9f8936f512d5,Group_C,1,7,1,7,0,0,18817
28.08.2026 0:53:53,a569e332-bdd8-44bb-bc5b-7bd257fddd79,Group_D,1,1,5,5,1,0,16861
28.08.2026 0:53:54,da35397f-4b1d-482f-af45-92eee00c5557,Group_A,2,1,2,2,1,1,5962
28.08.2026 0:54:04,4cced751-75ad-4c2e-a8fe-347852cd5d4b,Group_A,1,7,1,7,0,0,27587
28.08.2026 0:54:10,f1ee50c0-8a62-4b2c-a7ff-1530dbee3b02,Group_A,1,6,1,1,1,1,9503
28.08.2026 0:54:14,964c163e-0603-49c4-b7d7-8364dc5bc695,Group_B,3,9,3,3,1,1,15723
28.08.2026 0:54:18,c6128a63-3292-4ee1-b85d-cf42bc8a188a,Group_B,5,1,5,5,1,1,2027
28.08.2026 0:54:22,3df0bd37-d235-408f-bfeb-f7c037cb17c0,Group_B,8,1,8,8,1,1,3484
28.08.2026 0:54:29,b5765ee9-8570-4771-9a81-2775c545455a,Group_C,10,7,10,10,1,1,11455
28.08.2026 0:54:39,3f71d753-5b9e-4fed-baf6-6ea50d20cda9,Group_A,10,1,10,10,1,1,2188
28.08.2026 0:54:40,91f2d650-a648-4ca3-9591-69c8cb7dc2a7,Group_A,2,8,2,2,1,1,5158
28.08.2026 0:54:45,ce90e9c3-f06e-464d-975a-2e7a2e24428d,Group_A,1,3,1,1,1,1,1025
28.08.2026 0:54:51,d63e3719-721f-45f1-a7ee-f9126695b155,Group_C,3,8,3,8,0,0,14249
28.08.2026 0:54:59,a12f4b43-38e8-453b-a93c-3a76a94846bf,Group_D,4,2,4,4,1,1,4732
28.08.2026 0:55:02,26cd0d5f-2e1d-4fbe-8b65-ffa8aa39d661,Group_D,1,5,1,1,1,1,19465
28.08.2026 0:55:11,ffb572e4-d366-4586-85e0-4bfcb09ee6bb,Group_C,1,1,8,1,0,1,8000
28.08.2026 0:55:21,cdab9271-2f80-43e9-90be-78aa83ef5d4a,Group_B,9,1,9,9,1,1,10310
28.08.2026 0:55:28,6ec40cba-4d0d-46cf-b5b8-9087310fb8d4,Group_C,6,1,6,6,1,1,671
28.08.2026 0:55:33,d7d55f6d-2393-4285-9365-5cc7aba287f8,Group_C,6,4,6,4,0,0,8855
28.08.2026 0:55:33,950698d1-1882-47c3-b747-750cf7ee349b,Group_A,9,1,9,9,1,1,4503
28.08.2026 0:55:41,a6dac6c3-fbcd-45d2-aebf-e9cfb3d17736,Group_D,3,9,3,9,0,0,22836
28.08.2026 0:55:45,1b1a28b4-b80d-410a-84f2-c63e1c394f8e,Group_D,4,5,4,4,1,1,5922
28.08.2026 0:55:46,3a0c93b9-9af6-40df-af1d-8cbd26a2c7fc,Group_D,1,2,1,1,1,1,24451
28.08.2026 0:56:04,80b2210e-b21d-4882-b2e6-7d0549176546,Group_A,5,1,5,5,1,1,13220
28.08.2026 0:56:08,af4a331c-8892-492a-9dcb-f637618b0187,Group_C,4,9,4,9,0,0,41041
28.08.2026 0:56:10,f7332341-516c-40c3-8cb6-f739efa6c255,Group_B,6,8,6,6,1,1,14586
28.08.2026 0:56:14,62701e57-b112-4570-8968-cce342005694,Group_C,4,10,4,4,1,1,7152
28.08.2026 0:56:15,992fde47-609d-49d7-a971-d0b230fe33ef,Group_D,10,8,10,10,1,1,15378
28.08.2026 0:56:16,e01334b9-cd7a-4f4f-b407-e2a5f6086bf5,Group_C,2,1,2,2,1,1,1312
28.08.2026 0:56:25,5cf54923-3cc9-4201-930d-cc0f105d3397,Group_A,6,8,6,8,0,0,3848
28.08.2026 0:56:29,7e7cddcf-9225-435f-b583-5668575a62b1,Group_A,5,1,5,5,1,1,2091
28.08.2026 0:56:40,7eb42aea-c966-4f6c-9598-b35eb320a0de,Group_D,6,1,6,6,1,1,7443
28.08.2026 0:56:55,d806de2a-6884-4a50-9125-26810b2bb9ac,Group_A,8,10,8,8,1,1,2037
28.08.2026 0:57:08,9a7f201b-b5e8-4b6c-87f9-d468e93a88da,Group_B,7,6,7,6,0,0,13275
28.08.2026 0:57:14,04dbc24b-7924-4d8a-9eec-63f9be57a354,Group_C,6,1,6,6,1,1,4770
28.08.2026 0:57:15,e005c1da-2a83-4be8-bc23-77ebcd29bbd9,Group_B,3,4,3,3,1,1,12303
28.08.2026 0:57:20,b44a5d55-d1e2-4f8d-b993-3f167dea2790,Group_C,10,7,10,10,1,1,1418
28.08.2026 0:57:27,76162d73-7115-4d20-b200-3d4d53f8cfa6,Group_A,3,1,3,3,1,1,7737
28.08.2026 0:57:28,c1eea39e-e9e2-440d-8343-5272c4d3d437,Group_C,7,1,7,7,1,1,10435
28.08.2026 0:57:37,75afb8a0-81e3-4d1f-a30d-3f7b573b1f75,Group_B,7,4,7,4,0,0,5411
28.08.2026 0:57:39,f73a0cb9-fd2d-42c4-a6f9-e37317fcf801,Group_D,4,6,4,4,1,1,22551
28.08.2026 0:57:39,a8f79f50-e4b8-479c-8e52-e663f0c8f263,Group_D,3,4,3,3,1,1,8377
28.08.2026 0:57:40,63e22de3-64cd-4d82-8573-cb4f8f030668,Group_D,8,5,8,8,1,1,2142
28.08.2026 0:57:41,f04bb2b7-f5ab-4578-9109-f6b95f4eeb5a,Group_D,1,4,1,1,1,1,22795
28.08.2026 0:57:48,c05af46f-76af-4d9a-baa8-315e604f85e1,Group_A,5,9,5,5,1,1,1617
28.08.2026 0:57:51,54417b3b-446d-4369-a31c-951244b6d1c2,Group_B,1,3,1,3,0,0,7007
28.08.2026 0:58:03,76eadbda-83b5-447b-97a7-1349bde6355a,Group_B,3,8,3,3,1,1,4677
28.08.2026 0:58:06,fcab9ab3-df5d-4536-8efa-513ea14977e5,Group_C,6,4,6,6,1,1,370
28.08.2026 0:58:09,de6e238e-0411-47aa-9863-8a07fa59f4d3,Group_C,1,9,1,1,1,1,8167
28.08.2026 0:58:17,cddb4b5a-5806-43ed-ba12-cb207afddc8f,Group_B,5,4,5,5,1,1,13498
28.08.2026 0:58:18,747f49b1-a9c1-499e-ae95-1f6624815fa5,Group_C,7,8,7,7,1,1,11895
28.08.2026 0:58:18,98e864c9-0d1a-47cb-8da3-1916c5391899,Group_B,4,7,4,7,0,0,13380
28.08.2026 0:58:33,e2c10602-36ca-46fb-a75b-60451f6787d9,Group_D,7,7,5,5,1,0,62347
28.08.2026 0:58:36,d54a192b-e189-4614-a8b0-443b4b415f60,Group_D,10,2,10,10,1,1,7278
28.08.2026 0:58:38,3375f7d1-2297-4cb9-9110-448869511874,Group_D,10,1,10,10,1,1,2653
28.08.2026 0:58:49,27aed223-1be3-4d35-b633-ba6db2afbf47,Group_B,5,2,5,5,1,1,19655
28.08.2026 0:58:50,08f25e2d-f72b-4f4d-8c45-907b5c9b8b94,Group_C,8,7,8,7,0,0,14792
28.08.2026 0:59:03,7bf1c143-4528-4def-b563-62084c72044d,Group_C,4,2,4,4,1,1,5032
28.08.2026 0:59:04,9aa1b16b-ee90-4626-885b-646bfa6c2240,Group_A,4,7,4,4,1,1,19892
28.08.2026 0:59:14,dbad313b-13e4-479e-a449-0559ca5c6410,Group_C,6,1,6,6,1,1,7105
28.08.2026 0:59:29,70a215f5-88a7-4ce2-b05e-c884154dd12a,Group_B,9,7,9,9,1,1,9673
28.08.2026 0:59:39,b7b8feb4-c3d9-4e7b-96f2-86e77d2ff914,Group_D,6,4,6,6,1,1,10237
28.08.2026 0:59:45,c625eed1-1e8f-4d61-8843-5f2bc171a8bf,Group_D,9,2,9,9,1,1,8235
28.08.2026 0:59:53,a49e101c-169f-428b-a219-8fd61a8471c2,Group_C,6,1,6,6,1,1,2982
28.08.2026 0:59:54,7ab52dec-6643-4338-83eb-2f7e988f8e80,Group_B,9,2,9,9,1,1,9958
28.08.2026 0:59:54,5c69d58f-205f-4242-b213-f701db38bc3e,Group_D,7,3,7,7,1,1,8293
28.08.2026 1:00:28,2cae3de2-bb82-4728-9d7b-6a7c17784481,Group_D,9,6,9,9,1,1,19706
